anime_id,Name,Score,Synopsis,Type,Episodes,Aired,Status,Producers,Licensors,Studios,Source,Duration,Rating,Rank,Popularity,Favorites,Scored By,Members,Image URL
1,Cowboy Bebop,8.75,"Crime is timeless. By the year 2071, humanity has expanded across the galaxy, filling the surface of other planets with settlements like those on Earth. These new societies are plagued by murder, drug use, and theft, and intergalactic outlaws are hunted by a growing number of tough bounty hunters.

Spike Spiegel and Jet Black pursue criminals throughout space to make a humble living. Beneath his goofy and aloof demeanor, Spike is haunted by the weight of his violent past. Meanwhile, Jet manages his own troubled memories while taking care of Spike and the Bebop, their ship. The duo is joined by the beautiful con artist Faye Valentine, odd child Edward Wong Hau Pepelu Tivrusky IV, and Ein, a bioengineered Welsh Corgi.

While developing bonds and working to catch a colorful cast of criminals, the Bebop crew's lives are disrupted by a menace from Spike's past. As a rival's maniacal plot continues to unravel, Spike must choose between life with his newfound family or revenge for his old wounds.",TV,26,1998-04-03,Finished Airing,Bandai Visual,"Funimation, Bandai Entertainment",Sunrise,Original,24 min per ep,R - 17+ (violence & profanity),41,43,78525,914193,1771505,https://cdn.myanimelist.net/images/anime/4/19644.jpg
5,Cowboy Bebop: Tengoku no Tobira,8.38,"Another day, another bounty—such is the life of the often unlucky crew of the Bebop. However, this routine is interrupted when Faye, who is chasing a fairly worthless target on Mars, witnesses an oil tanker suddenly explode, causing mass hysteria. As casualties mount due to a strange disease spreading through the smoke from the blast, a whopping three hundred million woolong price is placed on the head of the supposed perpetrator.

With lives at stake and a solution to their money problems in sight, the Bebop crew springs into action. Spike, Jet, Faye, and Edward, followed closely by Ein, split up to pursue different leads across Alba City. Through their individual investigations, they discover a cover-up scheme involving a pharmaceutical company, revealing a plot that reaches much further than the ragtag team of bounty hunters could have realized.",Movie,1,2001-09-01,Finished Airing,"Sunrise, Bandai Visual",Sony Pictures Entertainment,Bones,Original,1 hr 55 min,R - 17+ (violence & profanity),189,602,1448,206248,360978,https://cdn.myanimelist.net/images/anime/1439/93480.jpg
6,Trigun,8.22,"Vash the Stampede is the man with a $$60,000,000,000 bounty on his head. The reason: he's a merciless villain who lays waste to all those that oppose him and flattens entire cities for fun, garnering him the title ""The Humanoid Typhoon."" He leaves a trail of death and destruction wherever he goes, and anyone can count themselves dead if they so much as make eye contact—or so the rumors say. In actuality, Vash is a huge softie who claims to have never taken a life and avoids violence at all costs.

With his crazy doughnut obsession and buffoonish attitude in tow, Vash traverses the wasteland of the planet Gunsmoke, all the while followed by two insurance agents, Meryl Stryfe and Milly Thompson, who attempt to minimize his impact on the public. But soon, their misadventures evolve into life-or-death situations as a group of legendary assassins are summoned to bring about suffering to the trio. Vash's agonizing past will be unraveled and his morality and principles pushed to the breaking point.",TV,26,1998-04-01,Finished Airing,Victor Entertainment,"Funimation, Geneon Entertainment USA",Madhouse,Manga,24 min per ep,PG-13 - Teens 13 or older,328,246,15035,356739,727252,https://cdn.myanimelist.net/images/anime/7/20310.jpg
7,Witch Hunter Robin,7.25,"Robin Sena is a powerful craft user drafted into the STNJ—a group of specialized hunters that fight deadly beings known as Witches. Though her fire power is great, she's got a lot to learn about her powers and working with her cool and aloof partner, Amon. But the truth about the Witches and herself will leave Robin on an entirely new path that she never expected!

(Source: Funimation)",TV,26,2002-07-03,Finished Airing,"Bandai Visual, Dentsu, Victor Entertainment, TV Tokyo Music","Funimation, Bandai Entertainment",Sunrise,Original,25 min per ep,PG-13 - Teens 13 or older,2764,1795,613,42829,111931,https://cdn.myanimelist.net/images/anime/10/19969.jpg
8,Bouken Ou Beet,6.94,"It is the dark century and the people are suffering under the rule of the devil, Vandel, who is able to manipulate monsters. The Vandel Busters are a group of people who hunt these devils, and among them, the Zenon Squad is known to be the strongest busters on the continent. A young boy, Beet, dreams of joining the Zenon Squad. However, one day, as a result of Beet's fault, the Zenon squad was defeated by the devil, Beltose. The five dying busters sacrificed their life power into their five weapons, Saiga. After giving their weapons to Beet, they passed away. Years have passed since then and the young Vandel Buster, Beet, begins his adventure to carry out the Zenon Squad's will to put an end to the dark century.",TV,52,2004-09-30,Finished Airing,"TV Tokyo, Dentsu",Illumitoon Entertainment,Toei Animation,Manga,23 min per ep,PG - Children,4240,5126,14,6413,15001,https://cdn.myanimelist.net/images/anime/7/21569.jpg
15,Eyeshield 21,7.92,"Shy, reserved, and small-statured, Deimon High School student Sena Kobayakawa is the perfect target for bullies. However, as a result of running errands throughout his life, Sena has become agile and developed a skill for avoiding crowds of people. After the cunning Youichi Hiruma—captain of the Deimon Devil Bats football team—witnesses Sena's rapid legs in motion, he coerces the timid boy into joining his squad.

As Hiruma wants to conceal Sena's identity from other clubs, Sena is forced to hide under the visored helmet of ""Eyeshield 21,"" a mysterious running back wearing the number 21 jersey. The legendary Eyeshield 21 can supposedly run at the speed of light and has achieved remarkable feats in the United States during his time at the Notre Dame College.

Accustomed to avoiding his problems in the past, Sena's specialty might just help him become the new secret weapon of the Deimon Devil Bats. As he interacts with his teammates, Sena gradually gains more self-confidence and forges valuable bonds along the way.",TV,145,2005-04-06,Finished Airing,"TV Tokyo, Nihon Ad Systems, TV Tokyo Music, Shueisha","VIZ Media, Sentai Filmworks",Gallop,Manga,23 min per ep,PG-13 - Teens 13 or older,688,1252,1997,86524,177688,https://cdn.myanimelist.net/images/anime/1079/133529.jpg
16,Hachimitsu to Clover,8,"Yuuta Takemoto, a sophomore at an arts college, shares a cheap apartment with two seniors—the eccentric Shinobu Morita, who keeps failing to graduate due to his absenteeism, and the sensible Takumi Mayama, who acts as a proper senior to Takemoto, often looking out for him.

Takemoto had not given much thought to his future until one fine spring day, when he meets the endearing Hagumi Hanamoto and falls in love at first sight. Incredibly gifted in the arts, Hagumi enrolls in Takemoto's university and soon befriends the popular pottery student Ayumi Yamada. Ayumi is already well acquainted with the three flatmates and secretly harbors deep feelings for one of them.

Hachimitsu to Clover is a heartwarming tale of youth, love, soul-searching, and self-discovery, intricately woven through the complex relationships between five dear friends.",TV,24,2005-04-15,Finished Airing,"Dentsu, Genco, Fuji TV, Asmik Ace, Shueisha","VIZ Media, Discotek Media",J.C.Staff,Manga,23 min per ep,PG-13 - Teens 13 or older,589,862,4136,81747,260166,https://cdn.myanimelist.net/images/anime/1301/133577.jpg
17,Hungry Heart: Wild Striker,7.55,"As the younger brother of Japanese soccer star Seisuke Kanou, Kyousuke was always expected to grow as a soccer player at the same pace his brother did—an expectation that proved too difficult to meet. Having fallen behind, he now lives in the shadow of his brother's success.

Entering his freshman year at Jouyou Akanegaoka High School, Kyousuke vows never to play soccer again. However, Miki Tsujiwaki, the captain of the girls' soccer team, and Mori Kazuto, the manager of the boys' team, recognize Kyousuke's potential and want to see his return to the game for their own reasons.

With an opportunity to play soccer again, Kyousuke must either remain steadfast in his decision to abandon the sport he once loved, or allow himself to reignite that flame to become the best striker in the world.",TV,52,2002-09-11,Finished Airing,UNKNOWN,UNKNOWN,Nippon Animation,Manga,23 min per ep,PG-13 - Teens 13 or older,1551,4212,237,12960,24172,https://cdn.myanimelist.net/images/anime/12/49655.jpg
18,Initial D Fourth Stage,8.16,"Takumi Fujiwara finally joins Ryousuke and Keisuke Takahashi to create ""Project D."" Their goal is twofold: Ryousuke wants to develop his ""High-Speed Street Racing Theory,"" while Keisuke and Takumi aim at improving their driving skills by facing powerful opponents on dangerous roads. The idea of Project D is to challenge street racing teams from other prefectures to improve both their uphill and downhill records. In order to attract the attention of the best racing teams, Ryousuke creates a dedicated website to announce the future battles of Project D and post the team's results.

The fourth season of Initial D details the hardships and successes of the members of Project D as they try to become the best street racing team outside of Gunma Prefecture.",TV,24,2004-04-17,Finished Airing,"OB Planning, Studio Jack",Funimation,A.C.G.T.,Manga,27 min per ep,PG-13 - Teens 13 or older,393,1273,1237,97878,173710,https://cdn.myanimelist.net/images/anime/9/10521.jpg
19,Monster,8.87,"Dr. Kenzou Tenma, an elite neurosurgeon recently engaged to his hospital director's daughter, is well on his way to ascending the hospital hierarchy. That is until one night, a seemingly small event changes Dr. Tenma's life forever. While preparing to perform surgery on someone, he gets a call from the hospital director telling him to switch patients and instead perform life-saving brain surgery on a famous performer. His fellow doctors, fiancée, and the hospital director applaud his accomplishment; but because of the switch, a poor immigrant worker is dead, causing Dr. Tenma to have a crisis of conscience.

So when a similar situation arises, Dr. Tenma stands his ground and chooses to perform surgery on the young boy Johan Liebert instead of the town's mayor. Unfortunately, this choice leads to serious ramifications for Dr. Tenma—losing his social standing being one of them. However, with the mysterious death of the director and two other doctors, Dr. Tenma's position is restored. With no evidence to convict him, he is released and goes on to attain the position of hospital director. 

Nine years later when Dr. Tenma saves the life of a criminal, his past comes back to haunt him—once again, he comes face to face with the monster he operated on. He must now embark on a quest of pursuit to make amends for the havoc spread by the one he saved.",TV,74,2004-04-07,Finished Airing,"VAP, Shogakukan-Shueisha Productions, Nippon Television Network",VIZ Media,Madhouse,Manga,24 min per ep,R+ - Mild Nudity,26,142,47235,368569,1013100,https://cdn.myanimelist.net/images/anime/10/18793.jpg
20,Naruto,7.99,"Moments prior to Naruto Uzumaki's birth, a huge demon known as the Kyuubi, the Nine-Tailed Fox, attacked Konohagakure, the Hidden Leaf Village, and wreaked havoc. In order to put an end to the Kyuubi's rampage, the leader of the village, the Fourth Hokage, sacrificed his life and sealed the monstrous beast inside the newborn Naruto.

Now, Naruto is a hyperactive and knuckle-headed ninja still living in Konohagakure. Shunned because of the Kyuubi inside him, Naruto struggles to find his place in the village, while his burning desire to become the Hokage of Konohagakure leads him not only to some great new friends, but also some deadly foes.",TV,220,2002-10-03,Finished Airing,"TV Tokyo, Aniplex, Shueisha",VIZ Media,Pierrot,Manga,23 min per ep,PG-13 - Teens 13 or older,599,8,76343,1883772,2717330,https://cdn.myanimelist.net/images/anime/13/17405.jpg
21,One Piece,8.69,"Gol D. Roger was known as the ""Pirate King,"" the strongest and most infamous being to have sailed the Grand Line. The capture and execution of Roger by the World Government brought a change throughout the world. His last words before his death revealed the existence of the greatest treasure in the world, One Piece. It was this revelation that brought about the Grand Age of Pirates, men who dreamed of finding One Piece—which promises an unlimited amount of riches and fame—and quite possibly the pinnacle of glory and the title of the Pirate King.

Enter Monkey D. Luffy, a 17-year-old boy who defies your standard definition of a pirate. Rather than the popular persona of a wicked, hardened, toothless pirate ransacking villages for fun, Luffy's reason for being a pirate is one of pure wonder: the thought of an exciting adventure that leads him to intriguing people and ultimately, the promised treasure. Following in the footsteps of his childhood hero, Luffy and his crew travel across the Grand Line, experiencing crazy adventures, unveiling dark mysteries and battling strong enemies, all in order to reach the most coveted of all fortunes—One Piece.",TV,UNKNOWN,1999-10-20,Currently Airing,"Fuji TV, TAP, Shueisha","Funimation, 4Kids Entertainment",Toei Animation,Manga,24 min,PG-13 - Teens 13 or older,55,20,198986,1226493,2168904,https://cdn.myanimelist.net/images/anime/6/73245.jpg
22,Tennis no Ouji-sama,7.86,"At the request of his father, tennis prodigy Ryouma Echizen has returned from America and is ready to take the Japanese tennis scene by storm. Aiming to become the best tennis player in the country, he enrolls in Seishun Academy—home to one of the best middle school tennis teams in Japan. 

After Ryouma catches the captain's eye, he finds himself playing for a spot on the starting lineup in the intra-school ranking matches despite only being a freshman. Due to his age, the rest of the Seishun Boys' Tennis Team are initially reluctant to accept him, but his skill and determination convinces them to let him in.

Armed with their new ""super rookie,"" Seishun sets out to claim a spot in the National Tournament, hoping to take the coveted title for themselves. In order to do so, the team must qualify by playing through the Tokyo Prefectural and Kanto Regionals. Yet, the road ahead of them is shared by a plethora of strong schools, each playing tennis in unique ways for their own reasons. Ryouma and his teammates must learn to cooperate if they want to become the champions they aspire to be.",TV,178,2001-10-10,Finished Airing,"Production I.G, Nihon Ad Systems","Funimation, VIZ Media",Trans Arts,Manga,22 min per ep,PG-13 - Teens 13 or older,805,1246,3004,81992,178273,https://cdn.myanimelist.net/images/anime/6/21624.jpg
23,Ring ni Kakero 1,6.39,"In order to fulfill their dead father's wish, the siblings Takane Kiku and Takane Ryuji aim for the champion title of the boxing arena. Their sister, Kiku, will act as the trainer while her brother, Ryuji, will concentrate on the role of the boxer and learn the Boomerang. His battle with many rivals has led to the growth and maturing of Ryuji. The junior high boxing tournament has begun and Ryuji will be fighting his arch-rival, Kenzaki Jun. The battle begins.

(Source: ANN)",TV,12,2004-10-06,Finished Airing,UNKNOWN,UNKNOWN,Toei Animation,Manga,25 min per ep,PG - Children,6943,8288,6,1378,4581,https://cdn.myanimelist.net/images/anime/1146/124743.jpg
24,School Rumble,7.89,"Just the words ""I love you,"" and everything changes—such is the nature of the bittersweet trials of high school romance. Tenma Tsukamoto, a second year, is on a quest to confess her feelings to the boy she likes. Kenji Harima, a delinquent with a sizable reputation, is in a similar situation, as he cannot properly convey his feelings to the one he loves. Between school, friends, rivalries, and hobbies, these two will find that high school romance is no walk in the park, especially as misunderstandings further complicate their plight.

School Rumble is a high-octane romantic comedy full of relatable situations, as Tenma and Kenji both try to win the hearts of those they desire.",TV,26,2004-10-05,Finished Airing,"TV Tokyo, Sotsu, Marvelous, Starchild Records, Media Factory, DAX Production, Studio Jack",Funimation,Studio Comet,Manga,23 min per ep,PG-13 - Teens 13 or older,756,687,5139,146597,320203,https://cdn.myanimelist.net/images/anime/4/75488.jpg
25,Sunabouzu,7.38,"The Great Kanto Desert, a sweltering wasteland of nothing but ruins and sand, is all that remains of post-apocalyptic Japan. The once fair population has been left to cling to the inhospitable dunes for survival. At least, that is the case for normal people. For those who have spent a little too long in the Kanto sun, the desert offers a wondrous opportunity to make a name for themselves.

One such person is the masked handyman ""Sunabouzu,"" or Desert Punk, who has forged a legendary reputation for always finishing his jobs, no matter the nature or cost. Cunning and ruthless, he has become a force of crude destruction to the other desert people. However, the ""Vixen of the Desert,"" Junko Asagiri, discovers that Sunabouzu is not without his weaknesses—he is easily swayed by his insatiable lust for large-breasted desert babes. 

Following their chaotic adventures through the Kanto Desert, Sunabouzu features a bizarre cast of personalities who entertain themselves with senseless violence and perversion in a world long destroyed by their forefathers. And just like them, they have not learned a damn thing.",TV,24,2004-10-06,Finished Airing,"GDH, Pony Canyon, CBC Television",Funimation,Gonzo,Manga,24 min per ep,R - 17+ (violence & profanity),2167,1546,822,53709,134894,https://cdn.myanimelist.net/images/anime/6/75536.jpg
26,Texhnolyze,7.76,"In the dark underground city of Lux, people live in fear and despair under the rule of various criminal factions. Almost secluded from the surface, the gangs' only interaction with the outer world is their mining operation of ""raffia,"" which is the raison d'être of the city.

Available only in Lux, this rare substance is the basis of ""texhnolyze"" transplants that permit humans to replace parts of their body with cybernetic prostheses. The latter have the particularity not to trigger an immune response in their hosts and the ""Class"" has the privilege to conduct research on them. This elusive organization, also in charge of the raffia production, delegates its executive authority to a group called Organo led by Keigo Oonishi—a self-righteous man with texhnolyzed legs who is rumored to hear the ""voice of the city.""

The fragile balance of powers in Lux is disturbed when a mysterious visitor named Kazuho Yoshii begins committing a series of crimes that puts the gangs at each other's throats. In the midst of the chaos, new actors emerge: Ichise, an ex-boxer mutilated by Organo and recently texhnolyzed by Eriko ""Doc"" Kamata; and Ran, a young florist who can see the future. While Lux steadily plunges into insanity, both Ichise and Ran find themselves involved in the greatest crisis the city has ever faced.",TV,22,2003-04-17,Finished Airing,"Group TAC, Rondo Robe, Fuji TV, Pioneer LDC","Funimation, Geneon Entertainment USA",Madhouse,Original,23 min per ep,R+ - Mild Nudity,990,935,4786,54857,239423,https://cdn.myanimelist.net/images/anime/1027/131977.jpg
27,Trinity Blood,7.29,"Following Armageddon, an apocalyptic war, mankind faces yet another menace: vampires. The continuous confrontations between the races have split the world into separate factions. The race of vampires, Methuselah, are affiliated with the New Human Empire; whereas the humans, deemed Terrans by the vampires, make up the Vatican Papal State. Furthermore, extremist groups like the Rosenkreuz Order strive to rekindle a war, despite the factions' attempts to avoid direct conflict.

To combat terrorist organizations, the Vatican has implemented the AX unit. Led by Cardinal Caterina Sforza, the AX agents investigate vampire-related disturbances with hopes that the Terrans and the Methuselah will one day achieve peaceful coexistence. Amongst the AX unit is priest Abel Nightroad—a seemingly disoriented but gentle-hearted fellow who is a fierce vampire slayer on the battlefield. Joining the unit as his partner is agent Sister Esther Blanchett, a brave and gentle young nun troubled with a tragic past. 

As the two grow closer, they begin to uncover signs of malicious schemes and dark forces working in the shadows. But the path they walk is riddled with misfortune that might just force them to confront the memories that plague their hearts.",TV,24,2005-04-29,Finished Airing,UNKNOWN,Funimation,Gonzo,Light novel,24 min per ep,R - 17+ (violence & profanity),2591,1233,1298,79130,179583,https://cdn.myanimelist.net/images/anime/10/24649.jpg
28,Yakitate!! Japan,7.91,"While countries such as France, England, and Germany all have their own internationally celebrated bread, Japan simply does not have one that can match in reputation.

Thus after discovering the wonders of breadmaking at a young age, Kazuma Azuma embarks on a quest to create Japan's own unique national bread. And being blessed with unusually warm hands that allow dough to ferment faster, Azuma is able to bring his baking innovations to another level.

As he begins working at the prestigious Japanese bakery chain, Pantasia, Azuma encounters other talented bakers and experiences firsthand the competitive world of baking. Along with his newfound friends and rivals, Azuma strives to create new and unparalleled bread that will start a baking revolution.",TV,69,2004-10-12,Finished Airing,"TV Tokyo, Aniplex, d-rights, Tohokushinsha Film Corporation, Atelier Musa",Nozomi Entertainment,Sunrise,Manga,24 min per ep,PG-13 - Teens 13 or older,704,1992,897,40492,95380,https://cdn.myanimelist.net/images/anime/3/76432.jpg
29,Zipang,7.48,"Mirai, an improved Kongou-class Aegis guided missile destroyer, is one of the newest and most advanced ships in the entire Japanese Self Defense Force (SDF). Her crew, also one of the newest, is lead by Capt. Umezu Saburo and Executive Officer Kadomatsu Yosuke. While running scheduled training exercises one day, Mirai encounters a fierce storm that throws their navigation systems into temporary disarray. After a few minutes of recovery, the crew is shocked to discover that they've been transported back in time to June 4, 1942—The Battle of Midway, during World War II. Letting history take its course for this battle, they manage to avoid the conflict firsthand and make a vow to remain anonymous, changing history as little as possible. However, when the crew comes across the dying Lt. Commander Kusaka Takumi, XO. Kadomatsu's instincts to save lives takes over, changing the course of history more than he could've imagined.

(Source: ANN)",TV,26,2004-10-08,Finished Airing,"Marvelous, TBS",Geneon Entertainment USA,Studio Deen,Manga,24 min per ep,PG-13 - Teens 13 or older,1778,4430,180,7273,21391,https://cdn.myanimelist.net/images/anime/13/75740.jpg
30,Neon Genesis Evangelion,8.35,"Fifteen years after a cataclysmic event known as the Second Impact, the world faces a new threat: monstrous celestial beings called ""Angels"" invade Tokyo-3 one by one. Mankind is unable to defend themselves against the Angels despite utilizing their most advanced munitions and military tactics. The only hope for human salvation rests in the hands of NERV, a mysterious organization led by the cold Gendou Ikari. NERV operates giant humanoid robots dubbed ""Evangelions"" to combat the Angels with state-of-the-art advanced weaponry and protective barriers known as Absolute Terror Fields.

Years after being abandoned by his father, Shinji Ikari, Gendou's 14-year-old son, returns to Tokyo-3. Shinji undergoes a perpetual internal battle against the deeply buried trauma caused by the loss of his mother and the emotional neglect he suffered at the hands of his father. Terrified to open himself up to another, Shinji's life is forever changed upon meeting 29-year-old Misato Katsuragi, a high-ranking NERV officer who shows him a free-spirited maternal kindness he has never experienced.

A devastating Angel attack forces Shinji into action as Gendou reveals his true motive for inviting his son back to Tokyo-3: Shinji is the only child capable of efficiently piloting Evangelion Unit-01, a new robot that synchronizes with his biometrics. Despite the brutal psychological trauma brought about by piloting an Evangelion, Shinji defends Tokyo-3 against the angelic threat, oblivious to his father's dark machinations.",TV,26,1995-10-04,Finished Airing,"TV Tokyo, Kadokawa Shoten, Nihon Ad Systems, Audio Tanaka","ADV Films, GKIDS","Gainax, Tatsunoko Production",Original,24 min per ep,PG-13 - Teens 13 or older,204,45,100638,1024927,1718019,https://cdn.myanimelist.net/images/anime/1314/108941.jpg
31,Neon Genesis Evangelion: Death & Rebirth,7.46,"In the year 2015, more than a decade has passed since the catastrophic event known as Second Impact befell mankind. During this time of recovery, a select few learned of beings known as the Angels—colossal malevolent entities with the intention of triggering the Third Impact and wiping out the rest of humanity.

Called into the city of Tokyo-3 by his father Gendou Ikari, teenager Shinji is thrust headlong into humanity's struggle. Separated from Gendou since the death of his mother, Shinji presumes that his father wishes to repair their shattered familial bonds; instead, he discovers that he was brought to pilot a giant machine capable of fighting the Angels, Evangelion Unit-01. Forced to battle against wave after wave of mankind's greatest threat, the young boy finds himself caught in the middle of a plan that could affect the future of humanity forever.",Movie,1,1997-03-15,Finished Airing,"Movic, Sega, TV Tokyo Music, Audio Tanaka","GKIDS, Manga Entertainment","Gainax, Production I.G",Original,1 hr 44 min,R - 17+ (violence & profanity),1855,889,687,140233,251617,https://cdn.myanimelist.net/images/anime/1993/113122.jpg
32,Neon Genesis Evangelion: The End of Evangelion,8.55,"Shinji Ikari is left emotionally comatose after the death of a dear friend. With his son mentally unable to pilot the humanoid robot Evangelion Unit-01, Gendou Ikari's NERV races against the shadow organization SEELE to see who can enact their ultimate plan first. SEELE desires to create a godlike being by fusing their own souls into an Evangelion unit, while Gendou wishes to revert all of humanity into one primordial being so that he can be reunited with Yui, his deceased wife.

SEELE unleashes its military forces in a lethal invasion of NERV headquarters. As SEELE's forces cut down NERV's scientists and security personnel, Asuka Langley Souryuu pilots Evangelion Unit-02 in a desperate last stand against SEELE's heaviest weaponry.

The battle rages on, and a depressed Shinji hides deep within NERV's headquarters. With the fate of the world resting in Shinji's hands, Captain Misato Katsuragi hunts for the teenage boy as society crumbles around them.",Movie,1,1997-07-19,Finished Airing,"TV Tokyo, Toei Animation, Kadokawa Shoten, Movic, Sega, TV Tokyo Music, Audio Tanaka","GKIDS, Manga Entertainment","Gainax, Production I.G",Original,1 hr 26 min,R+ - Mild Nudity,98,177,27272,586441,879361,https://cdn.myanimelist.net/images/anime/1404/98182.jpg
33,Kenpuu Denki Berserk,8.56,"Guts, a man who will one day be known as the Black Swordsman, is a young traveling mercenary characterized by the large greatsword he carries. He accepts jobs that offer the most money, but he never stays with one group for long—until he encounters the Band of the Falcon. Ambushed after completing a job, Guts crushes many of its members in combat. Griffith, The Band of the Falcon's leader and founder, takes an interest in Guts and duels him. While the others are no match for Guts, Griffith defeats him in one blow.

Incapacitated and taken into the Band of the Falcon's camp to recover, Guts wakes up two days later. He confronts Griffith, and the two duel yet again, only this time with a condition: Guts will join the Band of the Falcon if he loses. Due to his fresh injuries, Guts loses the fight and is inducted by Griffith.

In three years' time, Guts has become one of the Band of the Falcon's commanders. On the battlefield, his combat prowess is second only to Griffith as he takes on large groups of enemies all on his own. With Guts' immense strength and Griffith's leadership, the Band of the Falcon dominate every battle they partake in. But something menacing lurks in the shadows, threatening to change Guts' life forever.",TV,25,1997-10-08,Finished Airing,"VAP, Hakusensha, Nippon Television Network","Media Blasters, NYAV Post",OLM,Manga,25 min per ep,R+ - Mild Nudity,96,325,25404,325204,608800,https://cdn.myanimelist.net/images/anime/1384/119988.jpg
43,Koukaku Kidoutai,8.27,"In the year 2029, Niihama City has become a technologically advanced metropolis. Due to great improvements in cybernetics, its citizens are able to replace their limbs with robotic parts. The world is now more interconnected than ever before, and the city's Public Security Section 9 is responsible for combating corruption, terrorism, and other dangerous threats following this shift toward globalization.

The strong-willed Major Motoko Kusanagi of Section 9 spearheads a case involving a mysterious hacker known only as the ""Puppet Master,"" who leaves a trail of victims stripped of their memories. Like many in this futuristic world, the Puppet Master's body is almost entirely robotic, giving them incredible power.

As Motoko and her subordinates follow the enigmatic criminal's trail, other parties—including Section 6—start to get involved, forcing her to confront the extremely complicated nature of the case. Pondering about various philosophical questions, such as her own life's meaning, Motoko soon realizes that the one who will provide these answers is none other than the Puppet Master themself.",Movie,1,1995-11-18,Finished Airing,"Bandai Visual, Kodansha",Manga Entertainment,Production I.G,Manga,1 hr 22 min,R+ - Mild Nudity,276,329,12339,315593,604276,https://cdn.myanimelist.net/images/anime/10/82594.jpg
44,Rurouni Kenshin: Meiji Kenkaku Romantan - Tsuioku-hen,8.71,"When mankind's savagery surpasses his fear of death, there is little hope for those who wish to live honest lives. Beneath a full moon, a young boy witnesses the murder of the bandits who had enslaved him, and is then christened with a new name by the man who rescued him. This boy is Shinta, now known as Kenshin Himura, and he is destined to become a swordsman. The softness of his heart does not befit the occupation, but his desire to protect the innocent is absolute.

Rurouni Kenshin: Meiji Kenkaku Romantan - Tsuioku-hen details the origins of the man who would bear the name of Hitokiri Battousai long before he swore his oath not to kill and before he earned his reputation as an assassin. The young man's heart is divided between justice and corruption, while the fate of a nation rests on his actions.",OVA,4,1999-02-20,Finished Airing,Aniplex,"ADV Films, Aniplex of America",Studio Deen,Manga,29 min per ep,R - 17+ (violence & profanity),48,834,6137,134133,268621,https://cdn.myanimelist.net/images/anime/1391/120839.jpg
45,Rurouni Kenshin: Meiji Kenkaku Romantan,8.29,"In the final years of the Bakumatsu era lived a legendary assassin known as Hitokiri Battousai. Feared as a merciless killer, he was unmatched throughout the country, but mysteriously disappeared at the peak of the Japanese Revolution. It has been ten peaceful years since then, but the very mention of Battousai still strikes terror into the hearts of war veterans.

Unbeknownst to them, Battousai has abandoned his bloodstained lifestyle in an effort to repent for his sins, now living as Kenshin Himura, a wandering swordsman with a cheerful attitude and a strong will. Vowing never to kill again, Kenshin dedicates himself to protecting the weak. One day, he stumbles across Kaoru Kamiya at her kendo dojo, which is being threatened by an impostor claiming to be Battousai. After receiving help from Kenshin, Kaoru allows him to stay at the dojo, and so the former assassin temporarily ceases his travels.

Rurouni Kenshin: Meiji Kenkaku Romantan tells the story of Kenshin as he strives to save those in need of saving. However, as enemies from both past and present begin to emerge, will the reformed killer be able to uphold his new ideals?",TV,94,1996-01-10,Finished Airing,"Aniplex, SME Visual Works, Fuji TV","Media Blasters, Aniplex of America","Gallop, Studio Deen",Manga,25 min per ep,PG-13 - Teens 13 or older,249,432,9907,230278,477389,https://cdn.myanimelist.net/images/anime/1346/119505.jpg
46,Rurouni Kenshin: Meiji Kenkaku Romantan - Ishinshishi e no Chinkonka,7.55,"The war against the Tokugawa Shogunate ended years ago. But there are some who are not happy with the outcome. Shigure Takimi watched his friends and family get slashed down in the name of freedom and prosperity. Now he and a band of desperate rebels have sworn to settle one final score. Only one man stands in their way: Kenshin Himura. But when Shigure discovers Kenshin's true identity as the Hitokiri Battousai, his fight becomes a personal vendetta.

(Source: ANN)",Movie,1,1997-12-20,Finished Airing,"Fuji TV, Sony Music Entertainment","ADV Films, Aniplex of America",Gallop,Manga,1 hr 31 min,R - 17+ (violence & profanity),1567,2885,88,26859,50732,https://cdn.myanimelist.net/images/anime/4/47845.jpg
47,Akira,8.16,"Japan, 1988. An explosion caused by a young boy with psychic powers tears through the city of Tokyo and ignites the fuse that leads to World War III. In order to prevent any further destruction, he is captured and taken into custody, never to be heard from again. Now, in the year 2019, a restored version of the city known as Neo-Tokyo—an area rife with gang violence and terrorism against the current government—stands in its place. Here, Shoutarou Kaneda leads ""the Capsules,"" a group of misfits known for riding large, custom motorcycles and being in constant conflict with their rivals ""the Clowns.""

During one of these battles, Shoutarou's best friend Tetsuo Shima is caught up in an accident with an esper who finds himself in the streets of Tokyo after escaping confinement from a government institution. Through this encounter, Tetsuo begins to develop his own mysterious abilities, as the government seeks to quarantine this latest psychic in a desperate attempt to prevent him from unleashing the destructive power that could once again bring the city to its knees.",Movie,1,1988-07-16,Finished Airing,"Mainichi Broadcasting System, Kodansha, Toho, Streamline Pictures","Funimation, Bandai Entertainment, Geneon Entertainment USA",Tokyo Movie Shinsha,Manga,2 hr 4 min,R+ - Mild Nudity,389,208,12961,485580,804581,https://cdn.myanimelist.net/images/anime/1408/114012.jpg
48,.hack//Sign,6.95,"A young wavemaster, only known by the alias of Tsukasa, wakes up in an MMORPG called The World, with slight amnesia. He does not know what he has previously done before he woke up. In The World, the Crimson Knights suspects him of being a hacker, as he was seen accompanying a tweaked character in the form of a cat. Unable to log out from the game, he wanders around looking for answers, avoiding the knights and other players he meets along the way.

As Tsukasa explores The World, he stumbles upon a magical item that takes the form of a ""guardian,"" which promises him protection from all harm. Subaru, the leader of the Crimson Knights, along with several other players who became acquainted with Tsukasa, set out to investigate why Tsukasa is unable to log out, and attempt to get to the bottom of the problem before it gets out of hand.",TV,26,2002-04-04,Finished Airing,"Bandai Visual, Yomiko Advertising, Bandai, CyberConnect2","Funimation, Bandai Entertainment",Bee Train,Original,24 min per ep,PG-13 - Teens 13 or older,4172,1243,1343,83009,178659,https://cdn.myanimelist.net/images/anime/1443/94665.jpg